<annotation>
	<folder>Unknown</folder>
	<filename>20200916_181404_cr_0000001540.png</filename>
	<path>Unknown</path>
	<source>
		<database>Unknown</database>
	</source>
	<size>
		<width>960</width>
		<height>800</height>
		<depth>3</depth>
	</size>
	<segmented>0</segmented>
	<object>
		<name>stop_line</name>
		<pose>Unspecified</pose>
		<truncated>0</truncated>
		<difficult>0</difficult>
		<bndbox>
			<xmin>383</xmin>
			<ymin>504</ymin>
			<xmax>686</xmax>
			<ymax>527</ymax>
		</bndbox>
	</object>
</annotation>
